Which,Bin,N_x,N_y,D,p
Combined Propositions,3–4,349,365,0.6461514307021997,0
Combined Back-translated Triples,3–4,349,365,0.5863563213879164,0
Combined Propositions,4–5,349,208,0.31097090588494636,2.260602816051005e-11
Combined Back-translated Triples,4–5,349,208,0.1799096319153635,4.3353038826954293e-4
Combined Propositions,5,349,56,0.2793696275071626,0.0010706538535613097
Combined Back-translated Triples,5,349,56,0.5105914858780175,2.3634871837430182e-11
