Comparison,N_x,N_y,Mean_x,Mean_y,Diff,t,df,p_two,p_less,p_grea
Propositions vs STS-B (4–5),349,208,0.9134238223495702,0.8552874418749999,0.05813638047457026,7.5790177350914565,307.35940024170395,4.137601050886801e-13,0.999999999999793,2.0688005254434004e-13
Triple-Sentences vs STS-B (4–5),349,208,0.8833056876790831,0.8552874418749999,0.028018245804083186,3.6204095558052676,316.4308704912961,3.423920959613846e-4,0.9998288039520193,1.711960479806923e-4
Propositions vs STS-B (5),349,56,0.9134238223495702,0.9299637166071428,-0.01653989425757263,-1.7394528490843892,71.69595621302315,0.0862467450697887,0.04312337253489435,0.9568766274651057
Triple-Sentences vs STS-B (5),349,56,0.8833056876790831,0.9299637166071428,-0.0466580289280597,-4.87858971019142,73.32790664240068,6.040695124287855e-6,3.0203475621439275e-6,0.9999969796524378
