series,n,mean,median,q1,q3,sd,min,max,mode_kde
Triple back-validation,4765,0.97321,0.98408,0.962821,0.99721,0.035268,0.465046,1,0.998043
Question–Answer back-validation,4765,0.801102,0.824281,0.746842,0.88395,0.118526,0.105773,1,0.863014
